WENSS|WNB1016,0+32|10+18+55+32+25+41|0,017|0,017|Unchecked|0
WENSS|WNB1016,0+37|10+18+56+36+56+35|0,071|0,0257|Unchecked|0
WENSS|WNB1016,0+33|10+18+58+33+10+54|0,017|0,00461|Unchecked|0
WENSS|WNB1016,0+34|10+18+58+34+20+56|0,05|0,0214|Unchecked|0
WENSS|WNB1016,1+32|10+19+1+32+38+54|0,019|0,0095|Unchecked|0
WENSS|WNB1016,1+35|10+19+1+35+1+18|0,093|0,0292|Unchecked|0
WENSS|WNB1016,1+36|10+19+2+35+59+4|0,044|0,00435|Unchecked|0
WENSS|WNB1016,1+36|10+19+6+36+30+4|0,017|0,00272|Unchecked|0
WENSS|WNB1016,2+34|10+19+8+34+40+22|0,017|0,0068|Unchecked|0
WENSS|WNB1016,2+33|10+19+9+33+44+12|0,43|0,1092|Unchecked|0
WENSS|WNB1016,3+34|10+19+17+33+52+29|0,068|0,0212|Unchecked|0
WENSS|WNB1016,4+32|10+19+19+32+41+47|1,893|0,6307|Unchecked|0
WENSS|WNB1016,4+37|10+19+23+37+33+7|0,023|0,011|Unchecked|0
WENSS|WNB1016,5+36|10+19+25+35+59+23|0,073|0,0185|Unchecked|0
WENSS|WNB1016,5+33|10+19+28+33+38+0|0,014|0,00395|Unchecked|0
WENSS|WNB1016,7+34|10+19+35+34+12+51|0,024|0,024|Unchecked|0
WENSS|WNB1016,7+35|10+19+36+35+10+14|0,122|0,122|Unchecked|0
WENSS|WNB1016,7+37|10+19+38+37+36+8|0,019|0,019|Unchecked|0
WENSS|WNB1016,8+32|10+19+40+32+27+8|0,068|0,0088|Unchecked|0
WENSS|WNB1016,8+34|10+19+42+34+43+13|0,063|0,063|Unchecked|0
WENSS|WNB1016,8+36|10+19+45+36+36+8|0,02|0,02|Unchecked|0
WENSS|WNB1016,8+36|10+19+46+36+4+57|0,039|0,00928|Unchecked|0
WENSS|WNB1016,8+36|10+19+47+35+53+53|0,018|0,0062|Unchecked|0
WENSS|WNB1016,8+36|10+19+48+36+8+18|0,015|0,002132|Unchecked|0
WENSS|WNB1016,9+37|10+19+49+37+15+34|0,07|0,02117|Unchecked|0
WENSS|WNB1016,9+34|10+19+49+33+50+42|0,054|0,01592|Unchecked|0
WENSS|WNB1016,9+35|10+19+52+34+55+59|0,097|0,0293|Unchecked|0
WENSS|WNB1016,9+36|10+19+53+36+22+45|1,519|0,03823|Unchecked|0
WENSS|WNB1017,0+35|10+19+56+35+6+25|0,027|0,0086|Unchecked|0
WENSS|WNB1017,0+35|10+19+56+35+21+45|0,062|0,0239|Unchecked|0
WENSS|WNB1017,0+33|10+19+57+33+9+41|0,486|0,1479|Unchecked|0
WENSS|WNB1017,0+38|10+20+0+37+45+5|0,02|0,02|Unchecked|0
WENSS|WNB1017,1+33|10+20+0+33+34+0|0,022|0,007|Unchecked|0
WENSS|WNB1017,2+34|10+20+5+34+21+19|0,59|0,116867|Unchecked|0
WENSS|WNB1017,2+37|10+20+10+37+22+46|0,025|0,012|Unchecked|0
WENSS|WNB1017,3+35|10+20+12+35+20+15|0,016|0,00717|Unchecked|0
WENSS|WNB1017,3+36|10+20+14+36+41+16|0,09|0,040471|Unchecked|0
WENSS|WNB1017,5+37|10+20+25+37+16+5|0,03|0,03|Unchecked|0
WENSS|WNB1017,6+36|10+20+33+35+47+34|0,078|0,078|Unchecked|0
WENSS|WNB1017,7+37|10+20+39+36+57+2|1,506|0,3814|Unchecked|0
WENSS|WNB1017,8+33|10+20+40+33+16+40|0,096|0,096|Unchecked|0
WENSS|WNB1017,8+35|10+20+43+35+40+9|0,059|0,059|Unchecked|0
WENSS|WNB1017,8+34|10+20+45+34+18+36|0,023|0,0147|Unchecked|0
WENSS|WNB1017,9+35|10+20+50+34+49+21|0,019|0,0131|Unchecked|0
WENSS|WNB1017,9+35|10+20+51+35+11+5|0,164|0,053|Unchecked|0
WENSS|WNB1017,9+33|10+20+51+33+1+12|0,046|0,0161|Unchecked|0
WENSS|WNB1018,0+32|10+20+52+32+35+14|0,446|0,1485|Unchecked|0
WENSS|WNB1017,9+37|10+20+52+37+5+24|0,026|0,0089|Unchecked|0
WENSS|WNB1017,9+36|10+20+53+35+54+36|0,027|0,0152|Unchecked|0
WENSS|WNB1018,0+32|10+20+55+32+26+34|0,012|0,0087|Unchecked|0
WENSS|WNB1018,2+33|10+21+4+32+46+47|0,012|0,0052|Unchecked|0
WENSS|WNB1018,2+35|10+21+8+34+56+33|0,029|0,0076|Unchecked|0
WENSS|WNB1018,2+35|10+21+9+35+36+26|0,115|0,01759|Unchecked|0
WENSS|WNB1018,2+34|10+21+10+33+58+23|0,086|0,0262|Unchecked|0
WENSS|WNB1018,3+33|10+21+12+33+30+35|0,023|0,023|Unchecked|0
WENSS|WNB1018,3+37|10+21+12+37+13+52|0,369|0,369|Unchecked|0
WENSS|WNB1018,3+33|10+21+15+33+6+3|0,015|0,0072|Unchecked|0
WENSS|WNB1018,3+37|10+21+15+37+14+47|0,873|0,1596|Unchecked|0
WENSS|WNB1018,4+34|10+21+17+34+37+22|0,724|0,457|Unchecked|0
WENSS|WNB1018,4+36|10+21+18+36+13+20|0,511|0,04754|Unchecked|0
WENSS|WNB1018,4+37|10+21+24+36+46+51|0,03|0,00188|Unchecked|0
WENSS|WNB1018,5+37|10+21+26+37+1+2|0,018|0,0071|Unchecked|0
WENSS|WNB1018,5+36|10+21+29+36+27+12|0,04|0,0132|Unchecked|0
WENSS|WNB1018,7+32|10+21+39+32+27+36|1,254|0,1122|Unchecked|0
WENSS|WNB1018,8+33|10+21+41+33+7+25|0,058|0,013667|Unchecked|0
WENSS|WNB1018,8+34|10+21+44+34+26+12|0,052|0,052|Unchecked|0
WENSS|WNB1018,8+34|10+21+44+34+7+7|0,206|0,07391|Unchecked|0
WENSS|WNB1018,8+34|10+21+45+33+46+21|0,018|0,007|Unchecked|0
WENSS|WNB1018,8+37|10+21+46+36+56+43|0,093|0,00702|Unchecked|0
WENSS|WNB1018,8+37|10+21+47+36+56+47|0,075|0,0173|Unchecked|0
WENSS|WNB1019,0+34|10+21+54+33+47+11|0,035|0,0083|Unchecked|0
WENSS|WNB1019,0+35|10+21+58+35+32+36|0,015|0,0064|Unchecked|0
WENSS|WNB1019,1+35|10+22+0+35+24+8|0,081|0,025|Unchecked|0
WENSS|WNB1019,2+32|10+22+5+32+32+15|0,028|0,028|Unchecked|0
WENSS|WNB1019,2+37|10+22+6+36+56+15|0,014|0,008|Unchecked|0
WENSS|WNB1019,2+37|10+22+7+36+58+36|0,821|0,2786|Unchecked|0
WENSS|WNB1019,2+37|10+22+7+36+58+38|0,806|0,2786|Unchecked|0
WENSS|WNB1019,2+36|10+22+12+36+30+9|0,025|0,0081|Unchecked|0
WENSS|WNB1019,3+34|10+22+14+33+48+36|0,125|0,0384|Unchecked|0
WENSS|WNB1019,4+34|10+22+17+33+52+37|0,022|0,00781|Unchecked|0
WENSS|WNB1019,4+36|10+22+19+36+34+53|0,029|0,0135|Unchecked|0
WENSS|WNB1019,5+34|10+22+23+34+1+31|0,782|0,3013|Unchecked|0
WENSS|WNB1019,5+35|10+22+24+35+35+15|0,49|0,1379|Unchecked|0
WENSS|WNB1019,5+37|10+22+26+37+35+34|0,091|0,091|Unchecked|0
WENSS|WNB1019,5+33|10+22+26+33+4+17|0,039|0,0139|Unchecked|0
WENSS|WNB1019,5+33|10+22+27+33+43+22|0,009|0,0066|Unchecked|0
WENSS|WNB1019,7+32|10+22+32+32+16+39|0,014|0,0038|Unchecked|0
WENSS|WNB1019,7+33|10+22+34+32+49+23|0,018|0,018|Unchecked|0
WENSS|WNB1019,7+33|10+22+37+33+8+44|0,09|0,09|Unchecked|0
USS_D|WNJ1022+3308|10+22+37+33+8+43|0,09|0,09|Unchecked|0
USS_D|WNJ1022+3308|10+22+37+33+8+43|0,0101|0,09|Unchecked|0
WENSS|WNB1019,8+34|10+22+42+34+15+19|0,024|0,0069|Unchecked|0
WENSS|WNB1019,8+33|10+22+42+33+25+42|0,15|0,15|Unchecked|0
WENSS|WNB1019,8+36|10+22+44+35+55+49|0,071|0,00928|Unchecked|0
WENSS|WNB1019,9+34|10+22+48+33+50+56|0,347|0,0801|Unchecked|0
WENSS|WNB1019,9+37|10+22+49+37+25+24|0,031|0,01012|Unchecked|0
WENSS|WNB1019,9+34|10+22+52+34+23+57|0,097|0,097|Unchecked|0
WENSS|WNB1020,0+36|10+22+54+35+46+48|0,121|0,0526|Unchecked|0
WENSS|WNB1020,0+36|10+22+58+35+52+36|0,234|0,0937|Unchecked|0
WENSS|WNB1020,1+36|10+23+2+36+24+1|0,024|0,024|Unchecked|0
WENSS|WNB1020,2+37|10+23+10+36+53+19|0,254|0,072|Unchecked|0
WENSS|WNB1020,2+37|10+23+10+36+53+22|0,295|0,072|Unchecked|0
WENSS|WNB1020,3+35|10+23+14+35+38+22|0,075|0,075|Unchecked|0
WENSS|WNB1020,3+36|10+23+15+36+4+33|0,078|0,078|Unchecked|0
WENSS|WNB1020,3+33|10+23+15+32+57+19|0,022|0,022|Unchecked|0
WENSS|WNB1020,3+37|10+23+16+37+14+4|0,114|0,0291|Unchecked|0
WENSS|WNB1020,4+35|10+23+21+35+0+1|0,021|0,021|Unchecked|0
WENSS|WNB1020,5+36|10+23+24+35+49+58|0,022|0,01257|Unchecked|0
WENSS|WNB1020,5+37|10+23+24+36+58+59|0,031|0,031|Unchecked|0
WENSS|WNB1020,5+34|10+23+25+33+48+56|0,023|0,0151|Unchecked|0
WENSS|WNB1020,5+38|10+23+26+37+46+6|0,071|0,071|Unchecked|0
WENSS|WNB1020,6+33|10+23+33+33+34+52|0,02|0,02|Unchecked|0
WENSS|WNB1020,6+34|10+23+34+34+22+10|0,096|0,096|Unchecked|0
WENSS|WNB1020,7+35|10+23+35+35+22+16|0,164|0,164|Unchecked|0
WENSS|WNB1020,6+37|10+23+36+37+15+18|0,119|0,05|Unchecked|0
WENSS|WNB1020,7+36|10+23+36+35+53+57|0,078|0,078|Unchecked|0
WENSS|WNB1020,7+33|10+23+37+32+46+11|0,057|0,0207|Unchecked|0
WENSS|WNB1020,9+34|10+23+48+34+40+55|0,014|0,00384|Unchecked|0
WENSS|WNB1021,0+33|10+23+52+33+22+4|0,014|0,014|Unchecked|0
WENSS|WNB1021,0+35|10+23+55+35+16+50|0,121|0,121|Unchecked|0
WENSS|WNB1021,1+33|10+23+59+32+49+46|0,019|0,018|Unchecked|0
WENSS|WNB1021,1+33|10+24+0+32+59+9|0,028|0,0105|Unchecked|0
WENSS|WNB1021,2+32|10+24+3+32+16+27|0,256|0,02987|Unchecked|0
WENSS|WNB1021,1+37|10+24+5+37+29+30|0,135|0,0466|Unchecked|0
WENSS|WNB1021,2+37|10+24+8+37+33+38|0,074|0,05007|Unchecked|0
WENSS|WNB1021,3+35|10+24+11+35+32+24|0,239|0,05721|Unchecked|0
WENSS|WNB1021,4+34|10+24+17+34+38+59|0,014|0,00676|Unchecked|0
WENSS|WNB1021,3+37|10+24+17+36+55+44|0,033|0,0093|Unchecked|0
WENSS|WNB1021,4+34|10+24+18+34+10+32|0,023|0,0064|Unchecked|0
WENSS|WNB1021,4+36|10+24+20+36+33+44|0,016|0,0068|Unchecked|0
WENSS|WNB1021,5+33|10+24+23+32+59+53|0,049|0,049|Unchecked|0
WENSS|WNB1021,5+36|10+24+23+35+56+22|0,553|0,157521|Unchecked|0
WENSS|WNB1021,5+33|10+24+24+33+27+14|0,027|0,027|Unchecked|0
WENSS|WNB1021,5+37|10+24+24+37+13+7|0,086|0,0373|Unchecked|0
WENSS|WNB1021,5+37|10+24+26+37+14+21|0,078|0,0206|Unchecked|0
WENSS|WNB1021,5+33|10+24+27+33+21+9|0,033|0,0094|Unchecked|0
WENSS|WNB1021,6+36|10+24+31+36+6+35|0,612|0,1105|Unchecked|0
WENSS|WNB1021,6+35|10+24+31+35+41+2|0,125|0,01632|Unchecked|0
WENSS|WNB1021,6+33|10+24+33+33+38+44|0,05|0,05|Unchecked|0
WENSS|WNB1021,6+37|10+24+35+37+8+11|0,025|0,0079|Unchecked|0
WENSS|WNB1021,8+37|10+24+39+36+48+11|0,145|0,0466|Unchecked|0
WENSS|WNB1021,7+35|10+24+40+35+41+50|0,022|0,0123|Unchecked|0
WENSS|WNB1021,8+35|10+24+42+34+55+15|0,05|0,05|Unchecked|0
WENSS|WNB1021,8+35|10+24+42+34+46+37|0,015|0,0068|Unchecked|0
WENSS|WNB1021,8+37|10+24+43+36+47+18|0,351|0,00089|Unchecked|0
WENSS|WNB1021,8+37|10+24+45+36+46+42|0,205|0,00516|Unchecked|0
WENSS|WNB1021,9+34|10+24+47+34+30+22|0,017|0,0088|Unchecked|0
WENSS|WNB1021,9+33|10+24+49+33+5+9|0,039|0,01992|Unchecked|0
WENSS|WNB1021,9+34|10+24+51+33+56+17|0,041|0,00205|Unchecked|0
WENSS|WNB1021,9+37|10+24+51+37+26+50|0,132|0,0511|Unchecked|0
WENSS|WNB1021,9+37|10+24+52+36+53+23|0,053|0,0097|Unchecked|0
WENSS|WNB1022,0+37|10+24+54+37+17+34|0,018|0,018|Unchecked|0
WENSS|WNB1022,0+37|10+24+58+37+7+57|0,164|0,164|Unchecked|0
WENSS|WNB1022,0+37|10+24+59+37+16+27|0,009|0,003|Unchecked|0
WENSS|WNB1022,1+32|10+25+2+32+17+32|0,195|0,0488|Unchecked|0
WENSS|WNB1022,2+33|10+25+3+32+49+4|0,097|0,0381|Unchecked|0
WENSS|WNB1022,2+37|10+25+7+36+58+55|0,036|0,016|Unchecked|0
WENSS|WNB1022,3+36|10+25+15+36+9+35|0,019|0,0085|Unchecked|0
WENSS|WNB1022,4+34|10+25+17+34+23+6|0,012|0,012|Unchecked|0
WENSS|WNB1022,4+33|10+25+19+33+4+18|0,049|0,0263|Unchecked|0
WENSS|WNB1022,4+32|10+25+19+32+38+50|0,018|0,0088|Unchecked|0
WENSS|WNB1022,4+35|10+25+20+34+56+58|0,047|0,047|Unchecked|0
WENSS|WNB1022,4+36|10+25+20+35+54+25|0,19|0,0492|Unchecked|0
WENSS|WNB1022,4+37|10+25+23+37+26+49|0,116|0,0624|Unchecked|0
WENSS|WNB1022,6+33|10+25+25+32+52+48|0,021|0,021|Unchecked|0
WENSS|WNB1022,6+35|10+25+29+35+30+32|0,027|0,0089|Unchecked|0
WENSS|WNB1022,6+34|10+25+32+34+10+30|0,351|0,351|Unchecked|0
WENSS|WNB1022,6+36|10+25+33+35+57+44|0,116|0,00805|Unchecked|0
WENSS|WNB1022,6+34|10+25+33+33+48+4|0,02|0,02|Unchecked|0
WENSS|WNB1022,6+37|10+25+36+37+39+47|0,015|0,0082|Unchecked|0
WENSS|WNB1022,7+37|10+25+38+37+20+1|0,328|0,0933|Unchecked|0
WENSS|WNB1022,7+37|10+25+39+36+46+49|0,031|0,0075|Unchecked|0
WENSS|WNB1022,8+32|10+25+42+32+38+41|0,065|0,00725|Unchecked|0
WENSS|WNB1022,8+35|10+25+42+35+8+18|0,025|0,025|Unchecked|0
WENSS|WNB1022,8+35|10+25+44+34+50+49|0,313|0,1101|Unchecked|0
WENSS|WNB1022,8+32|10+25+45+32+37+22|0,052|0,01927|Unchecked|0
WENSS|WNB1022,8+37|10+25+46+36+45+15|0,057|0,0212|Unchecked|0
WENSS|WNB1022,8+37|10+25+46+37+23+56|0,028|0,0116|Unchecked|0
WENSS|WNB1023,0+33|10+25+54+33+11+44|0,018|0,0042|Unchecked|0
WENSS|WNB1023,0+37|10+25+55+36+52+15|0,026|0,0071|Unchecked|0
WENSS|WNB1023,1+32|10+25+58+32+30+14|0,047|0,047|Unchecked|0
WENSS|WNB1023,1+34|10+25+59+33+50+55|0,014|0,0017|Unchecked|0
WENSS|WNB1023,1+36|10+26+0+36+43+34|0,039|0,00204|Unchecked|0
WENSS|WNB1023,1+35|10+26+2+35+38+41|0,053|0,00885|Unchecked|0
WENSS|WNB1023,1+32|10+26+2+32+24+15|0,061|0,0235|Unchecked|0
WENSS|WNB1023,2+36|10+26+4+36+39+46|0,034|0,0172|Unchecked|0
WENSS|WNB1023,1+36|10+26+4+36+4+57|0,025|0,00827|Unchecked|0
WENSS|WNB1023,2+34|10+26+9+34+4+59|0,048|0,0078|Unchecked|0
WENSS|WNB1023,3+34|10+26+10+34+11+12|0,03|0,0083|Unchecked|0
WENSS|WNB1023,2+36|10+26+11+36+40+8|0,053|0,0186|Unchecked|0
WENSS|WNB1023,3+33|10+26+11+33+35+57|0,014|0,007|Unchecked|0
WENSS|WNB1023,3+32|10+26+12+32+14+48|0,027|0,0101|Unchecked|0
WENSS|WNB1023,5+33|10+26+14+33+0+3|0,029|0,0157|Unchecked|0
WENSS|WNB1023,4+36|10+26+19+36+26+1|0,099|0,01496|Unchecked|0
WENSS|WNB1023,4+34|10+26+21+34+25+24|0,088|0,02572|Unchecked|0
WENSS|WNB1023,5+33|10+26+21+32+59+12|0,213|0,0475|Unchecked|0
WENSS|WNB1023,5+33|10+26+22+32+59+5|0,183|0,0475|Unchecked|0
WENSS|WNB1023,5+35|10+26+23+35+24+56|0,054|0,0039|Unchecked|0
WENSS|WNB1023,5+33|10+26+24+33+41+45|0,09|0,0657|Unchecked|0
WENSS|WNB1023,5+37|10+26+27+37+19+43|0,018|0,0057|Unchecked|0
WENSS|WNB1023,5+35|10+26+29+35+22+56|0,021|0,00519|Unchecked|0
WENSS|WNB1023,6+36|10+26+32+36+11+19|0,046|0,0126|Unchecked|0
WENSS|WNB1023,8+33|10+26+39+32+48+25|0,083|0,028|Unchecked|0
WENSS|WNB1023,7+35|10+26+41+35+38+18|0,399|0,1508|Unchecked|0
WENSS|WNB1023,8+37|10+26+45+36+58+26|0,278|0,20547|Unchecked|0
WENSS|WNB1023,9+35|10+26+47+34+56+50|0,128|0,01905|Unchecked|0
WENSS|WNB1023,9+36|10+26+49+36+43+39|0,02|0,00843|Unchecked|0
WENSS|WNB1023,9+35|10+26+52+34+52+24|0,017|0,009|Unchecked|0
WENSS|WNB1024,0+33|10+26+55+33+22+7|0,062|0,0178|Unchecked|0
WENSS|WNB1024,1+35|10+26+59+35+36+3|0,015|0,0122|Unchecked|0
WENSS|WNB1024,1+36|10+27+1+35+52+52|0,014|0,003|Unchecked|0
WENSS|WNB1024,1+35|10+27+1+35+10+3|0,099|0,0413|Unchecked|0
WENSS|WNB1024,1+36|10+27+5+36+41+16|0,036|0,0138|Unchecked|0
WENSS|WNB1024,2+34|10+27+6+34+42+17|0,06|0,002|Unchecked|0
WENSS|WNB1024,2+36|10+27+10+36+44+10|0,025|0,0037|Unchecked|0
WENSS|WNB1024,3+34|10+27+12+34+12+56|0,008|0,00231|Unchecked|0
WENSS|WNB1024,3+32|10+27+13+32+16+48|0,017|0,0054|Unchecked|0
WENSS|WNB1024,3+36|10+27+16+36+31+21|0,02|0,01|Unchecked|0
WENSS|WNB1024,4+34|10+27+16+34+0+3|0,019|0,0167|Unchecked|0
WENSS|WNB1024,4+33|10+27+20+33+7+46|0,013|0,013|Unchecked|0
WENSS|WNB1024,4+34|10+27+21+34+2+46|0,016|0,016|Unchecked|0
WENSS|WNB1024,5+34|10+27+23+34+9+51|0,328|0,328|Unchecked|0
WENSS|WNB1024,5+32|10+27+24+32+39+45|0,021|0,0098|Unchecked|0
WENSS|WNB1024,5+34|10+27+24+34+10+29|0,545|0,129|Unchecked|0
WENSS|WNB1024,5+34|10+27+26+34+11+27|0,217|0,061|Unchecked|0
WENSS|WNB1024,6+35|10+27+32+35+26+13|0,018|0,012|Unchecked|0
WENSS|WNB1024,6+34|10+27+33+34+40+16|0,059|0,00906|Unchecked|0
WENSS|WNB1024,7+35|10+27+35+35+3+54|0,021|0,00221|Unchecked|0
WENSS|WNB1024,7+37|10+27+37+37+3+52|0,062|0,00982|Unchecked|0
WENSS|WNB1024,7+32|10+27+38+32+34+47|0,017|0,00241|Unchecked|0
WENSS|WNB1024,7+37|10+27+39+37+12+46|0,287|0,287|Unchecked|0
WENSS|WNB1024,8+33|10+27+41+33+33+51|0,022|0,00862|Unchecked|0
WENSS|WNB1024,9+34|10+27+43+34+32+59|0,1|0,0425|Unchecked|0
WENSS|WNB1024,8+34|10+27+44+34+22+23|0,041|0,041|Unchecked|0
WENSS|WNB1024,9+36|10+27+47+35+46+19|0,022|0,0101|Unchecked|0
WENSS|WNB1024,9+37|10+27+48+37+27+13|0,023|0,023|Unchecked|0
WENSS|WNB1024,9+34|10+27+49+34+35+20|0,099|0,0374|Unchecked|0
WENSS|WNB1024,9+36|10+27+50+36+33+48|0,016|0,016|Unchecked|0
WENSS|WNB1025,0+33|10+27+52+33+39+3|0,022|0,00748|Unchecked|0
WENSS|WNB1025,1+34|10+28+0+34+21+18|0,113|0,01033|Unchecked|0
WENSS|WNB1025,1+35|10+28+2+35+43+15|0,082|0,0062|Unchecked|0
WENSS|WNB1025,1+34|10+28+2+34+10+11|0,178|0,178|Unchecked|0
WENSS|WNB1025,1+33|10+28+3+33+6+47|0,024|0,0127|Unchecked|0
WENSS|WNB1025,1+36|10+28+3+36+8+51|0,035|0,014|Unchecked|0
WENSS|WNB1025,1+36|10+28+4+36+34+34|0,088|0,0319|Unchecked|0
WENSS|WNB1025,3+32|10+28+11+32+14+55|0,014|0,014|Unchecked|0
WENSS|WNB1025,3+32|10+28+11+32+31+35|0,052|0,0269|Unchecked|0
WENSS|WNB1025,3+35|10+28+12+35+20+23|0,028|0,01294|Unchecked|0
WENSS|WNB1025,4+34|10+28+15+34+12+57|0,028|0,028|Unchecked|0
WENSS|WNB1025,4+33|10+28+18+33+35+47|0,047|0,016011|Unchecked|0
WENSS|WNB1025,5+35|10+28+22+35+6+27|0,194|0,194|Unchecked|0
WENSS|WNB1025,5+33|10+28+22+33+39+33|0,015|0,0055|Unchecked|0
WENSS|WNB1025,5+33|10+28+23+33+20+35|0,111|0,0457|Unchecked|0
WENSS|WNB1025,5+37|10+28+25+37+35+29|0,04|0,017|Unchecked|0
WENSS|WNB1025,6+32|10+28+26+32+15+46|0,017|0,04|Unchecked|0
WENSS|WNB1025,5+36|10+28+28+35+53+7|0,372|0,155|Unchecked|0
WENSS|WNB1025,6+33|10+28+29+33+15+40|0,059|0,059|Unchecked|0
WENSS|WNB1025,6+37|10+28+30+37+15+7|0,62|0,62|Unchecked|0
WENSS|WNB1025,6+32|10+28+31+32+20+41|0,07|0,0242|Unchecked|0
WENSS|WNB1025,6+32|10+28+32+32+22+1|0,219|0,00392|Unchecked|0
WENSS|WNB1025,6+32|10+28+32+32+22+38|0,148|0,0393|Unchecked|0
WENSS|WNB1025,7+33|10+28+37+32+47+44|0,019|0,01|Unchecked|0
WENSS|WNB1025,7+37|10+28+40+37+18+4|0,072|0,072|Unchecked|0
WENSS|WNB1025,8+34|10+28+41+33+51+41|0,028|0,028|Unchecked|0
WENSS|WNB1025,8+34|10+28+43+34+12+53|0,017|0,00611|Unchecked|0
WENSS|WNB1025,8+35|10+28+44+35+27+56|0,046|0,01371|Unchecked|0
WENSS|WNB1025,8+36|10+28+45+36+12+23|0,023|0,01094|Unchecked|0
WENSS|WNB1025,9+33|10+28+48+33+14+37|0,028|0,0178|Unchecked|0
WENSS|WNB1025,9+36|10+28+49+35+50+3|0,025|0,00603|Unchecked|0
WENSS|WNB1025,9+37|10+28+50+37+6+46|0,716|0,4178|Unchecked|0
WENSS|WNB1026,0+33|10+28+51+32+56+55|0,18|0,18|Unchecked|0
WENSS|WNB1025,9+36|10+28+52+36+42+7|0,133|0,01457|Unchecked|0
WENSS|WNB1025,9+36|10+28+52+36+41+56|0,16|0,01457|Unchecked|0
WENSS|WNB1026,0+33|10+28+53+33+2+13|0,017|0,00164|Unchecked|0
WENSS|WNB1025,9+36|10+28+56+36+40+40|0,026|0,026|Unchecked|0
WENSS|WNB1026,1+35|10+29+1+35+11+36|0,135|0,04206|Unchecked|0
WENSS|WNB1026,1+37|10+29+4+36+47+40|0,058|0,00269|Unchecked|0
WENSS|WNB1026,2+35|10+29+7+34+53+56|0,02|0,00295|Unchecked|0
WENSS|WNB1026,3+37|10+29+16+37+5+43|0,821|0,1786|Unchecked|0
WENSS|WNB1026,4+36|10+29+20+35+54+0|0,025|0,025|Unchecked|0
WENSS|WNB1026,4+37|10+29+22+37+21+30|0,215|0,02581|Unchecked|0
WENSS|WNB1026,5+32|10+29+23+32+24+55|0,049|0,0118|Unchecked|0
WENSS|WNB1026,5+37|10+29+25+36+48+32|0,07|0,07|Unchecked|0
WENSS|WNB1026,5+33|10+29+26+33+22+59|0,065|0,01504|Unchecked|0
WENSS|WNB1026,6+37|10+29+30+37+33+45|0,163|0,0661|Unchecked|0
WENSS|WNB1026,6+35|10+29+32+35+4+49|0,101|0,0299|Unchecked|0
WENSS|WNB1026,7+32|10+29+32+32+34+32|0,022|0,022|Unchecked|0
WENSS|WNB1026,8+34|10+29+40+34+9+59|0,021|0,00378|Unchecked|0
WENSS|WNB1026,8+33|10+29+43+33+5+15|0,105|0,105|Unchecked|0
WENSS|WNB1026,8+33|10+29+43+33+11+53|0,04|0,0146|Unchecked|0
WENSS|WNB1026,8+37|10+29+44+37+1+53|0,096|0,033244|Unchecked|0
WENSS|WNB1026,8+36|10+29+45+35+48+40|0,188|0,188|Unchecked|0
WENSS|WNB1026,9+35|10+29+47+35+43+37|0,089|0,0245|Unchecked|0
WENSS|WNB1026,9+32|10+29+48+32+15+29|0,124|0,041|Unchecked|0
WENSS|WNB1026,9+35|10+29+51+34+59+12|0,02|0,0064|Unchecked|0
WENSS|WNB1026,9+35|10+29+51+35+44+52|0,218|0,0499|Unchecked|0
WENSS|WNB1026,9+37|10+29+52+37+42+39|0,016|0,0111|Unchecked|0
WENSS|WNB1027,0+33|10+29+52+33+14+55|0,233|0,0819|Unchecked|0
WENSS|WNB1027,0+34|10+29+56+34+15+9|0,008|0,00247|Unchecked|0
WENSS|WNB1027,1+32|10+29+59+32+24+17|0,159|0,0968|Unchecked|0
WENSS|WNB1027,1+32|10+30+0+32+13+24|0,021|0,0105|Unchecked|0
WENSS|WNB1027,1+32|10+30+2+32+40+3|0,02|0,00851|Unchecked|0
WENSS|WNB1027,3+33|10+30+4+32+49+28|0,009|0,0039|Unchecked|0
WENSS|WNB1027,3+34|10+30+11+34+0+12|0,014|0,0037|Unchecked|0
WENSS|WNB1027,3+34|10+30+12+34+33+25|0,022|0,022|Unchecked|0
WENSS|WNB1027,3+37|10+30+13+36+57+49|0,145|0,0479|Unchecked|0
WENSS|WNB1027,4+34|10+30+15+33+46+32|0,054|0,01|Unchecked|0
WENSS|WNB1027,4+35|10+30+16+35+30+5|0,114|0,0378|Unchecked|0
WENSS|WNB1027,4+35|10+30+18+35+14+2|0,081|0,0186|Unchecked|0
WENSS|WNB1027,4+32|10+30+20+32+30+51|1,184|1,06|Unchecked|0
WENSS|WNB1027,4+32|10+30+20+32+30+50|1,06|1,06|Unchecked|0
WENSS|WNB1027,5+33|10+30+23+33+1+29|0,025|0,0239|Unchecked|0
WENSS|WNB1027,5+33|10+30+24+33+39+29|0,015|0,015|Unchecked|0
WENSS|WNB1027,5+33|10+30+26+33+13+27|0,421|0,1256|Unchecked|0
WENSS|WNB1027,6+35|10+30+30+35+40+38|0,02|0,00295|Unchecked|0
WENSS|WNB1027,6+36|10+30+31+36+43+50|0,027|0,027|Unchecked|0
WENSS|WNB1027,6+35|10+30+33+35+9+31|0,019|0,00494|Unchecked|0
WENSS|WNB1027,8+36|10+30+36+35+54+59|0,121|0,05|Unchecked|0
WENSS|WNB1027,7+33|10+30+37+32+50+27|0,018|0,018|Unchecked|0
WENSS|WNB1027,8+35|10+30+40+35+12+48|0,019|0,0028|Unchecked|0
WENSS|WNB1027,8+34|10+30+40+34+25+5|0,018|0,018|Unchecked|0
WENSS|WNB1027,8+36|10+30+43+35+56+9|0,058|0,058|Unchecked|0
WENSS|WNB1027,8+36|10+30+44+35+47+34|0,017|0,017|Unchecked|0
WENSS|WNB1027,8+36|10+30+44+35+53+42|0,341|0,341|Unchecked|0
WENSS|WNB1027,9+36|10+30+47+36+37+30|0,089|0,0451|Unchecked|0
WENSS|WNB1027,9+34|10+30+48+34+24+40|0,018|0,0046|Unchecked|0
WENSS|WNB1028,0+32|10+30+51+32+44+2|0,049|0,0181|Unchecked|0
WENSS|WNB1028,0+36|10+30+54+36+36+2|0,013|0,00244|Unchecked|0
WENSS|WNB1028,0+33|10+30+55+33+2+12|0,013|0,0039|Unchecked|0
WENSS|WNB1028,2+37|10+31+7+37+26+56|0,105|0,0335|Unchecked|0
WENSS|WNB1028,3+35|10+31+11+34+44+55|0,012|0,00213|Unchecked|0
WENSS|WNB1028,3+33|10+31+14+33+2+32|0,082|0,0286|Unchecked|0
WENSS|WNB1028,3+34|10+31+15+34+19+34|0,015|0,015|Unchecked|0
WENSS|WNB1028,4+34|10+31+20+34+31+59|0,102|0,0336|Unchecked|0
WENSS|WNB1028,5+33|10+31+23+33+42+7|0,082|0,0322|Unchecked|0
WENSS|WNB1028,6+34|10+31+28+34+20+35|0,192|0,0574|Unchecked|0
WENSS|WNB1028,6+36|10+31+31+36+29+36|0,032|0,032|Unchecked|0
WENSS|WNB1028,7+34|10+31+33+34+26+28|0,009|0,0073|Unchecked|0
WENSS|WNB1028,7+36|10+31+37+36+19+41|0,013|0,00658|Unchecked|0
WENSS|WNB1028,9+35|10+31+41+35+2+11|0,148|0,1036|Unchecked|0
WENSS|WNB1028,9+35|10+31+43+35+1+55|0,612|0,00654|Unchecked|0
WENSS|WNB1028,9+33|10+31+46+33+15+50|0,016|0,015|Unchecked|0
WENSS|WNB1029,0+37|10+31+53+36+57+18|0,013|0,00358|Unchecked|0
WENSS|WNB1029,0+37|10+31+57+37+26+0|0,053|0,02448|Unchecked|0
WENSS|WNB1029,0+37|10+31+59+37+28+14|0,025|0,0062|Unchecked|0
WENSS|WNB1029,1+36|10+32+2+36+23+30|0,028|0,01041|Unchecked|0
WENSS|WNB1029,2+35|10+32+7+35+9+49|0,021|0,0192|Unchecked|0
WENSS|WNB1029,3+34|10+32+11+34+9+44|0,026|0,026|Unchecked|0
WENSS|WNB1029,5+33|10+32+22+33+21+31|0,011|0,011|Unchecked|0
WENSS|WNB1029,5+34|10+32+23+34+21+21|0,033|0,0158|Unchecked|0
WENSS|WNB1029,6+33|10+32+29+33+19+40|0,012|0,0028|Unchecked|0
WENSS|WNB1029,7+36|10+32+36+36+25+23|0,035|0,035|Unchecked|0
WENSS|WNB1029,7+37|10+32+40+37+38+28|0,205|0,073|Unchecked|0
WENSS|WNB1029,9+32|10+32+48+32+23+7|0,035|0,0077|Unchecked|0
WENSS|WNB1029,9+35|10+32+49+35+19+5|0,041|0,0197|Unchecked|0
WENSS|WNB1029,9+37|10+32+49+37+24+51|0,018|0,00765|Unchecked|0
WENSS|WNB1030,0+34|10+32+56+34+16+44|0,044|0,010626|Unchecked|0
WENSS|WNB1030,0+34|10+32+56+34+11+20|0,115|0,0163|Unchecked|0
WENSS|WNB1030,1+36|10+32+59+35+46+59|0,017|0,00383|Unchecked|0
WENSS|WNB1030,2+34|10+33+4+34+31+30|0,519|0,08145|Unchecked|0
WENSS|WNB1030,2+36|10+33+7+35+45+29|0,022|0,022|Unchecked|0
WENSS|WNB1030,2+37|10+33+9+37+3+59|0,02|0,00604|Unchecked|0
WENSS|WNB1030,3+32|10+33+10+32+34+51|0,038|0,016|Unchecked|0
WENSS|WNB1030,3+35|10+33+11+35+32+0|0,023|0,009|Unchecked|0
WENSS|WNB1030,4+34|10+33+15+34+18+21|0,017|0,00599|Unchecked|0
WENSS|WNB1030,5+37|10+33+23+37+43+3|0,023|0,0144|Unchecked|0
WENSS|WNB1030,5+36|10+33+24+36+34+45|0,082|0,0604|Unchecked|0
WENSS|WNB1030,5+36|10+33+27+36+42+15|0,078|0,0258|Unchecked|0
WENSS|WNB1030,6+36|10+33+28+36+6+6|0,45|0,1059|Unchecked|0
WENSS|WNB1030,6+37|10+33+32+37+16+45|0,03|0,015|Unchecked|0
WENSS|WNB1030,6+35|10+33+32+34+51+9|0,025|0,016|Unchecked|0
WENSS|WNB1030,7+33|10+33+35+32+57+4|0,025|0,00358|Unchecked|0
WENSS|WNB1030,8+32|10+33+38+32+26+58|0,579|0,1266|Unchecked|0
WENSS|WNB1030,8+33|10+33+43+33+24+55|0,015|0,00444|Unchecked|0
WENSS|WNB1030,9+35|10+33+44+34+54+28|0,025|0,0145|Unchecked|0
WENSS|WNB1030,9+32|10+33+47+32+39+32|0,017|0,00378|Unchecked|0
WENSS|WNB1030,9+36|10+33+48+35+53+14|0,043|0,0165|Unchecked|0
WENSS|WNB1030,9+34|10+33+48+34+25+38|0,028|0,028|Unchecked|0
WENSS|WNB1030,9+35|10+33+50+34+55+2|0,02|0,00966|Unchecked|0
WENSS|WNB1031,1+35|10+33+58+35+30+7|0,259|0,0877|Unchecked|0
WENSS|WNB1031,1+33|10+34+1+33+37+1|0,028|0,00217|Unchecked|0
WENSS|WNB1031,2+33|10+34+2+33+26+54|0,105|0,0372|Unchecked|0
WENSS|WNB1031,1+35|10+34+2+34+52+9|0,121|0,0375|Unchecked|0
WENSS|WNB1031,2+33|10+34+5+32+47+1|0,204|0,204|Unchecked|0
WENSS|WNB1031,2+35|10+34+7+35+44+13|0,563|0,1504|Unchecked|0
WENSS|WNB1031,3+34|10+34+11+34+34+4|0,022|0,022|Unchecked|0
WENSS|WNB1031,3+36|10+34+13+36+21+17|0,023|0,0371|Unchecked|0
WENSS|WNB1031,3+35|10+34+15+35+18+48|0,017|0,00818|Unchecked|0
WENSS|WNB1031,4+33|10+34+16+33+40+49|0,012|0,00613|Unchecked|0
WENSS|WNB1031,4+34|10+34+19+34+18+1|0,064|0,00864|Unchecked|0
WENSS|WNB1031,5+37|10+34+26+36+47+3|0,043|0,0183|Unchecked|0
WENSS|WNB1031,6+35|10+34+29+35+16+38|0,015|0,005|Unchecked|0
WENSS|WNB1031,6+34|10+34+31+33+53+55|0,109|0,02155|Unchecked|0
WENSS|WNB1031,6+37|10+34+31+37+7+32|0,025|0,0096|Unchecked|0
WENSS|WNB1031,7+34|10+34+35+33+49+19|1,495|0,478|Unchecked|0
WENSS|WNB1031,7+33|10+34+35+32+54+27|0,042|0,0167|Unchecked|0
WENSS|WNB1031,8+32|10+34+39+32+26+43|0,08|0,0287|Unchecked|0
WENSS|WNB1031,8+33|10+34+40+32+57+8|0,011|0,011|Unchecked|0
WENSS|WNB1031,8+35|10+34+43+35+2+49|0,127|0,0464|Unchecked|0
WENSS|WNB1031,9+32|10+34+44+32+36+32|0,09|0,09|Unchecked|0
WENSS|WNB1031,9+35|10+34+48+35+39+48|0,013|0,01|Unchecked|0
WENSS|WNB1031,9+33|10+34+48+32+55+32|0,413|0,07112|Unchecked|0
WENSS|WNB1031,9+37|10+34+49+37+31+20|0,203|0,0544|Unchecked|0
WENSS|WNB1031,9+36|10+34+50+35+46+49|0,074|0,0273|Unchecked|0
WENSS|WNB1032,0+32|10+34+54+32+42+1|0,028|0,0142|Unchecked|0
WENSS|WNB1032,0+35|10+34+56+35+41+16|0,021|0,021|Unchecked|0
WENSS|WNB1032,0+37|10+34+57+37+27+28|0,056|0,00263|Unchecked|0
WENSS|WNB1032,1+35|10+34+58+35+5+55|0,045|0,013229|Unchecked|0
WENSS|WNB1032,2+33|10+35+2+33+30+46|0,294|0,02948|Unchecked|0
WENSS|WNB1032,2+32|10+35+3+32+38+9|0,018|0,007687|Unchecked|0
WENSS|WNB1032,2+32|10+35+4+32+22+12|0,031|0,01036|Unchecked|0
WENSS|WNB1032,2+34|10+35+4+34+27+19|0,011|0,011|Unchecked|0
WENSS|WNB1032,2+35|10+35+6+35+34+42|0,034|0,013299|Unchecked|0
WENSS|WNB1032,2+35|10+35+7+35+31+10|0,041|0,011|Unchecked|0
WENSS|WNB1032,2+37|10+35+9+36+50+22|0,018|0,00601|Unchecked|0
WENSS|WNB1032,2+36|10+35+9+36+34+36|0,033|0,0122|Unchecked|0
WENSS|WNB1032,3+34|10+35+10+34+32+47|0,016|0,0034|Unchecked|0
WENSS|WNB1032,3+35|10+35+11+34+46+54|0,018|0,018|Unchecked|0
WENSS|WNB1032,3+34|10+35+11+34+6+26|0,307|0,04056|Unchecked|0
WENSS|WNB1032,3+36|10+35+12+36+4+8|0,073|0,073|Unchecked|0
WENSS|WNB1032,4+32|10+35+14+32+21+2|0,065|0,0263|Unchecked|0
WENSS|WNB1032,4+32|10+35+17+32+26+55|0,038|0,00588|Unchecked|0
WENSS|WNB1032,4+33|10+35+17+33+20+8|0,057|0,02563|Unchecked|0
WENSS|WNB1032,4+33|10+35+18+32+59+43|0,018|0,00508|Unchecked|0
WENSS|WNB1032,5+33|10+35+24+33+5+54|0,035|0,009|Unchecked|0
WENSS|WNB1032,5+38|10+35+27+37+44+57|0,329|0,0643|Unchecked|0
WENSS|WNB1032,6+34|10+35+32+34+33+15|0,083|0,019|Unchecked|0
WENSS|WNB1032,6+37|10+35+32+37+19+47|0,023|0,0054|Unchecked|0
WENSS|WNB1032,8+35|10+35+42+35+19+0|0,234|0,234|Unchecked|0
WENSS|WNB1033,0+36|10+35+51+36+0+1|0,02|0,00247|Unchecked|0
WENSS|WNB1033,0+34|10+35+52+34+35+46|0,016|0,0052|Unchecked|0
WENSS|WNB1033,0+35|10+35+54+35+33+23|0,02|0,02|Unchecked|0
WENSS|WNB1033,0+33|10+35+54+32+55+28|0,009|0,0062|Unchecked|0
WENSS|WNB1033,1+36|10+35+59+35+56+23|0,045|0,01191|Unchecked|0
WENSS|WNB1033,1+37|10+36+2+36+48+22|0,02|0,0062|Unchecked|0
WENSS|WNB1033,2+33|10+36+3+32+46+20|0,046|0,046|Unchecked|0
WENSS|WNB1033,1+36|10+36+3+36+22+24|0,022|0,0073|Unchecked|0
WENSS|WNB1033,2+36|10+36+6+36+6+57|0,711|0,264|Unchecked|0
WENSS|WNB1033,2+35|10+36+7+35+27+24|0,043|0,043|Unchecked|0
WENSS|WNB1033,3+33|10+36+8+32+57+52|0,014|0,014|Unchecked|0
WENSS|WNB1033,3+33|10+36+9+33+31+55|0,013|0,003841|Unchecked|0
WENSS|WNB1033,2+37|10+36+10+37+16+2|0,027|0,00818|Unchecked|0
WENSS|WNB1033,3+38|10+36+12+37+45+37|0,056|0,00783|Unchecked|0
WENSS|WNB1033,3+33|10+36+13+32+56+41|0,015|0,0073|Unchecked|0
WENSS|WNB1033,3+37|10+36+16+37+19+24|0,129|0,0538|Unchecked|0
WENSS|WNB1033,4+36|10+36+16+36+34+23|0,058|0,075|Unchecked|0
WENSS|WNB1033,4+34|10+36+17+34+24+2|0,647|0,154|Unchecked|0
WENSS|WNB1033,4+32|10+36+17+32+31+16|0,061|0,00723|Unchecked|0
WENSS|WNB1033,5+32|10+36+21+32+38+12|0,02|0,02|Unchecked|0
WENSS|WNB1033,5+33|10+36+24+32+48+6|0,37|0,37|Unchecked|0
WENSS|WNB1033,5+35|10+36+25+34+49+25|0,023|0,023|Unchecked|0
WENSS|WNB1033,8+33|10+36+40+33+21+13|0,05|0,05|Unchecked|0
WENSS|WNB1033,8+34|10+36+42+33+45+35|0,018|0,00479|Unchecked|0
WENSS|WNB1033,9+36|10+36+46+35+45+51|0,159|0,083|Unchecked|0
WENSS|WNB1033,9+37|10+36+48+37+3+8|0,049|0,026|Unchecked|0
WENSS|WNB1033,9+34|10+36+49+34+11+17|0,058|0,0186|Unchecked|0
WENSS|WNB1034,0+36|10+36+52+36+16+45|0,028|0,00473|Unchecked|0
WENSS|WNB1034,1+37|10+37+0+37+32+41|0,344|0,08836|Unchecked|0
WENSS|WNB1034,1+37|10+37+2+37+7+27|0,018|0,0151|Unchecked|0
WENSS|WNB1034,2+32|10+37+3+32+15+5|0,125|0,0324|Unchecked|0
WENSS|WNB1034,2+36|10+37+9+36+37+32|0,045|0,01412|Unchecked|0
WENSS|WNB1034,4+33|10+37+18+33+35+7|0,054|0,054|Unchecked|0
WENSS|WNB1034,4+36|10+37+20+35+46+21|0,823|0,2048|Unchecked|0
WENSS|WNB1034,4+37|10+37+21+37+32+3|0,034|0,0257|Unchecked|0
WENSS|WNB1034,5+34|10+37+24+34+1+6|0,033|0,00312|Unchecked|0
WENSS|WNB1034,5+36|10+37+25+36+10+12|0,019|0,019|Unchecked|0
WENSS|WNB1034,6+33|10+37+27+32+48+55|0,204|0,04592|Unchecked|0
WENSS|WNB1034,6+36|10+37+30+35+50+24|0,149|0,149|Unchecked|0
WENSS|WNB1034,7+36|10+37+37+36+25+14|0,087|0,00448|Unchecked|0
WENSS|WNB1034,8+33|10+37+41+32+58+46|0,14|0,00551|Unchecked|0
WENSS|WNB1034,8+33|10+37+43+32+53+4|0,05|0,0098|Unchecked|0
WENSS|WNB1034,9+36|10+37+45+35+46+6|0,089|0,0227|Unchecked|0
WENSS|WNB1034,9+34|10+37+46+33+56+55|0,017|0,01074|Unchecked|0
WENSS|WNB1035,0+34|10+37+51+34+29+39|0,057|0,0188|Unchecked|0
WENSS|WNB1035,0+37|10+37+52+37+35+26|0,012|0,0055|Unchecked|0
WENSS|WNB1035,0+34|10+37+53+33+48+28|0,013|0,0033|Unchecked|0
WENSS|WNB1035,0+33|10+37+54+33+16+58|0,024|0,0126|Unchecked|0
WENSS|WNB1035,1+35|10+37+57+34+59+12|0,425|0,00423|Unchecked|0
WENSS|WNB1035,0+37|10+37+57+37+4+39|0,058|0,058|Unchecked|0
WENSS|WNB1035,1+37|10+38+0+37+17+13|0,075|0,0256|Unchecked|0
WENSS|WNB1035,1+33|10+38+0+33+3+56|0,021|0,021|Unchecked|0
WENSS|WNB1035,1+35|10+38+2+35+0+49|0,268|0,268|Unchecked|0
WENSS|WNB1035,2+36|10+38+7+36+34+33|0,029|0,0079|Unchecked|0
WENSS|WNB1035,4+36|10+38+18+36+18+4|0,177|0,06406|Unchecked|0
WENSS|WNB1035,4+34|10+38+18+34+3+58|0,079|0,079|Unchecked|0
WENSS|WNB1035,5+33|10+38+21+33+36+45|0,027|0,027|Unchecked|0
WENSS|WNB1035,5+36|10+38+23+36+24+57|0,197|0,076|Unchecked|0
WENSS|WNB1035,6+36|10+38+31+35+51+45|0,018|0,0106|Unchecked|0
WENSS|WNB1035,7+36|10+38+36+36+23+35|0,021|0,021|Unchecked|0
WENSS|WNB1035,7+35|10+38+37+35+28+32|0,017|0,017|Unchecked|0
WENSS|WNB1035,8+34|10+38+39+34+31+15|0,016|0,00661|Unchecked|0
WENSS|WNB1035,8+33|10+38+39+33+12+3|0,041|0,0216|Unchecked|0
WENSS|WNB1035,9+33|10+38+45+33+9+18|0,039|0,02566|Unchecked|0
WENSS|WNB1035,9+34|10+38+48+34+14+34|0,029|0,029|Unchecked|0
WENSS|WNB1035,9+37|10+38+48+37+29+27|0,122|0,017|Unchecked|0
WENSS|WNB1035,9+36|10+38+48+36+27+49|0,043|0,006|Unchecked|0
WENSS|WNB1036,0+33|10+38+49+33+43+26|0,133|0,01829|Unchecked|0
WENSS|WNB1036,0+33|10+38+51+33+13+48|0,059|0,00563|Unchecked|0
WENSS|WNB1036,0+36|10+38+51+36+1+16|1,541|1,541|Unchecked|0
WENSS|WNB1036,0+37|10+38+52+37+4+56|0,048|0,01243|Unchecked|0
WENSS|WNB1036,0+34|10+38+55+34+5+54|0,126|0,0445|Unchecked|0
WENSS|WNB1036,1+35|10+38+58+35+29+35|0,184|0,184|Unchecked|0
WENSS|WNB1036,1+35|10+39+0+35+40+51|0,204|0,0727|Unchecked|0
WENSS|WNB1036,2+36|10+39+3+36+19+42|0,035|0,025|Unchecked|0
WENSS|WNB1036,2+35|10+39+7+35+4+17|0,019|0,00797|Unchecked|0
WENSS|WNB1036,2+36|10+39+8+36+11+45|0,018|0,0083|Unchecked|0
WENSS|WNB1036,4+33|10+39+16+33+38+21|0,015|0,00218|Unchecked|0
WENSS|WNB1036,4+36|10+39+16+36+23+35|0,057|0,022504|Unchecked|0
WENSS|WNB1036,4+37|10+39+16+36+45+51|0,022|0,00205|Unchecked|0
WENSS|WNB1036,6+35|10+39+27+35+23+11|0,078|0,03099|Unchecked|0
WENSS|WNB1036,6+37|10+39+33+37+9+2|0,009|0,009|Unchecked|0
WENSS|WNB1036,7+34|10+39+37+34+38+32|0,051|0,0147|Unchecked|0
WENSS|WNB1036,8+34|10+39+39+34+33+46|0,014|0,0067|Unchecked|0
WENSS|WNB1036,8+37|10+39+39+37+26+36|0,661|0,1546|Unchecked|0
WENSS|WNB1036,8+33|10+39+41+33+23+14|0,107|0,107|Unchecked|0
WENSS|WNB1036,8+33|10+39+41+33+23+22|0,117|0,107|Unchecked|0
WENSS|WNB1036,8+35|10+39+43+35+34+20|0,038|0,012|Unchecked|0
WENSS|WNB1036,8+37|10+39+43+37+11+37|0,017|0,0094|Unchecked|0
WENSS|WNB1036,8+33|10+39+48+33+25+30|0,009|0,009|Unchecked|0
WENSS|WNB1036,9+34|10+39+48+34+22+52|0,015|0,00417|Unchecked|0
WENSS|WNB1037,0+32|10+39+48+32+29+57|0,053|0,003|Unchecked|0
WENSS|WNB1037,0+34|10+39+52+34+26+6|0,027|0,0098|Unchecked|0
WENSS|WNB1037,0+37|10+39+54+37+6+15|0,075|0,0239|Unchecked|0
WENSS|WNB1037,1+36|10+39+57+36+10+30|0,018|0,0128|Unchecked|0
WENSS|WNB1037,1+36|10+39+59+36+20+31|0,031|0,02|Unchecked|0
WENSS|WNB1037,2+34|10+40+3+34+13+31|0,038|0,0138|Unchecked|0
WENSS|WNB1037,3+34|10+40+8+34+11+31|0,015|0,0119|Unchecked|0
WENSS|WNB1037,3+36|10+40+10+36+27+23|0,013|0,0031|Unchecked|0
WENSS|WNB1037,3+37|10+40+12+37+27+43|0,199|0,085981|Unchecked|0
WENSS|WNB1037,3+36|10+40+14+35+53+11|0,015|0,009|Unchecked|0
WENSS|WNB1037,4+32|10+40+17+32+16+18|0,037|0,0166|Unchecked|0
WENSS|WNB1037,4+34|10+40+18+34+17+42|0,023|0,023|Unchecked|0
WENSS|WNB1037,5+36|10+40+20+36+5+36|0,068|0,068|Unchecked|0
WENSS|WNB1037,7+37|10+40+33+37+12+14|0,018|0,018|Unchecked|0
WENSS|WNB1037,8+34|10+40+38+34+3+0|0,023|0,0112|Unchecked|0
WENSS|WNB1037,8+37|10+40+42+36+54+10|0,12|0,0492|Unchecked|0
WENSS|WNB1037,9+36|10+40+46+36+8+46|0,376|0,376|Unchecked|0
WENSS|WNB1037,9+33|10+40+48+33+16+41|0,731|0,1096|Unchecked|0
WENSS|WNB1038,0+37|10+40+52+37+14+30|0,018|0,0138|Unchecked|0
WENSS|WNB1038,1+37|10+41+1+37+25+3|0,018|0,018|Unchecked|0
WENSS|WNB1038,2+37|10+41+3+37+1+11|0,014|0,0059|Unchecked|0
